Species;Homogenized_Taxon
Phyllodoce;Phyllodoce spp.
Leptochiton;Leptochiton sp.
Grania;Grania sp.
Paradoneis;Paradoneis sp.
Macrochaeta;Macrochaeta sp.
Maxmuelleria;Maxmuelleria sp.
Caulleriella;Caulleriella spp.
Protodrilus;Protodrilus sp.
Synchelidium;Synchelidium sp.
Gastrosaccus;Gastrosaccus sp.
Amphiporus;Amphiporus sp.
Orbinia;Orbinia sp.
Oerstedia;Oerstedia sp.
Jasmineira;Jasmineira sp.
Ophiura;Ophiura sp.
Neoamphitrite;Neoamphitrite sp.
Euchone;Euchone sp.
Tubificoides;Tubificoides sp.
Odontosyllis;Odontosyllis sp.
Branchiomma;Branchiomma sp.
Microphthalmus;Microphthalmus sp.
Mediomastus;Mediomastus sp.
Phyllochaetopterus;Phyllochaetopterus sp.
Eteone;Eteone sp.
Gammaropsis;Gammaropsis sp.
Polychaeta;Polychaeta sp.
Austrosyrrhoe;Austrosyrrhoe sp.
Microdeutopus;Microdeutopus sp.
Golfingia;Golfingia sp.
Isopoda;Isopoda sp.
Planaria;Planaria spp.
Microspio;Microspio spp.
Octobranchus;Octobranchus sp.
Hymeniacidon;Hymeniacidon sp.
Phorbas;Phorbas sp.
Alvania;Alvania sp.
Micropodarke;Micropodarke sp.
Nereiphylla;Nereiphylla sp.
Palaemon;Palaemon sp.
Lysianassa;Lysianassa sp.
Tubificoides pseudogaster;Tubificoides pseudogaster spp.
Pyuridae;Pyuridae spp.
Urothoe;Urothoe sp.
Harpinia;Harpinia sp.
Molgula;Molgula sp.
Monocorophium;Monocorophium sp.
Parasabella;Parasabella sp.
Mycale;Mycale sp.
Leptocheirus;Leptocheirus sp.
Ascidia;Ascidia spp.
Oceanobdella;Oceanobdella sp.
Acanthochitona;Acanthochitona sp.
Axiothella;Axiothella sp.
Aricidea;Aricidea sp.
Diplosoma;Diplosoma sp.
Trivia;Trivia sp.
Bispira;Bispira sp.
Phyllodocidae;Phyllodocidae spp.
Thracia;Thracia sp.
Maldane;Maldane sp.